,precision,recall,f1-score,support
Not Cyberbullying,0.9087346024636058,0.9205899035734544,0.9146238377007607,1763.0
Sexism,0.9596022374145432,0.9201430274135876,0.9394584727715242,1678.0
Racism,0.9573273441886581,0.9827089337175793,0.9698521046643915,1735.0
accuracy,0.9412673879443586,0.9412673879443586,0.9412673879443586,0.9412673879443586
macro avg,0.9418880613556023,0.9411472882348737,0.9413114717122255,5176.0
weighted avg,0.9415136400100971,0.9412673879443586,0.9411875086494934,5176.0
